element_id,guid,source,ifc_class,category,element_name,type_name,level,material,length_m,area_m2,volume_m3,quantity,unit,unit_price,total_cost,quantity_source,quality_status,raw_unit,raw_row_number,source_file,exception_tags
E-0001,GUID-0001,CSV,IfcBeam,Beam,梁-AA-001,IfcBeam-Standard,一层,,8.266,17.462,2.089,2.089,m³,,,CSV Schedule,Pass,m³,2,sample_elements.csv,missing_material
E-0002,GUID-0002,CSV,IfcColumn,Column,柱-AA-002,IfcColumn-Standard,二层,,2.121,29.478,0.365,0.365,m³,,,CSV Schedule,Pass,m³,3,sample_elements.csv,missing_material
E-0003,GUID-0003,CSV,IfcSlab,Slab,板-AA-003,IfcSlab-Standard,三层,,2.04,19.852,1.341,1.341,m³,,,CSV Schedule,Pass,m³,4,sample_elements.csv,missing_material
E-0004,GUID-0004,CSV,IfcWall,Wall,墙-AA-004,IfcWall-Standard,一层,,7.313,11.772,4.627,4.627,m³,,,CSV Schedule,Pass,m³,5,sample_elements.csv,missing_material
E-0005,GUID-0005,CSV,IfcDoor,Door,门-AA-005,IfcDoor-Standard,二层,,1.386,12.222,7.389,1.0,樘,,,CSV Schedule,Pass,樘,6,sample_elements.csv,missing_material
E-0006,GUID-0006,CSV,IfcWindow,Window,窗-AA-006,IfcWindow-Standard,,玻璃,11.696,23.755,3.978,1.0,樘,720.0,720.0,CSV Schedule,Pass,樘,7,sample_elements.csv,missing_level
E-0007,GUID-0007,CSV,IfcBeam,Beam,梁-AA-007,IfcBeam-Standard,,混凝土,6.267,29.291,0.986,0.986,m³,520.0,512.72,CSV Schedule,Pass,m³,8,sample_elements.csv,missing_level
E-0008,GUID-0008,CSV,IfcColumn,Column,柱-AA-008,IfcColumn-Standard,,混凝土,2.822,19.414,6.185,6.185,m³,560.0,3463.6,CSV Schedule,Pass,m³,9,sample_elements.csv,missing_level
E-0009,GUID-0009,CSV,IfcSlab,Slab,板-AA-009,IfcSlab-Standard,三层,混凝土,4.084,5.808,2.49,2.49,m³,480.0,1195.2,CSV Schedule,Pass,m³,10,sample_elements.csv,duplicate_guid
E-0010,GUID-0009,CSV,IfcWall,Wall,墙-AA-010,IfcWall-Standard,一层,混凝土,1.121,26.423,6.204,6.204,m³,430.0,2667.72,CSV Schedule,Pass,m³,11,sample_elements.csv,duplicate_guid
E-0011,GUID-0011,CSV,IfcDoor,Door,门-AA-011,IfcDoor-Standard,二层,木材,1.655,26.425,6.084,1.0,樘,860.0,860.0,CSV Schedule,Pass,樘,12,sample_elements.csv,duplicate_guid
E-0012,GUID-0011,CSV,IfcWindow,Window,窗-AA-012,IfcWindow-Standard,三层,玻璃,2.287,15.131,4.129,1.0,樘,720.0,720.0,CSV Schedule,Pass,樘,13,sample_elements.csv,duplicate_guid
E-0013,GUID-0013,CSV,IfcBeam,Beam,梁-AA-013,IfcBeam-Standard,一层,混凝土,7.571,21.035,0.0,0.0,m³,520.0,0.0,CSV Schedule,Pass,m³,14,sample_elements.csv,zero_volume
E-0014,GUID-0014,CSV,IfcColumn,Column,柱-AA-014,IfcColumn-Standard,二层,混凝土,8.938,2.099,0.0,0.0,m³,560.0,0.0,CSV Schedule,Pass,m³,15,sample_elements.csv,zero_volume
E-0015,GUID-0015,CSV,IfcSlab,Slab,板-AA-015,IfcSlab-Standard,三层,混凝土,4.896,5.899,0.0,0.0,m³,480.0,0.0,CSV Schedule,Pass,m³,16,sample_elements.csv,zero_volume
E-0016,GUID-0016,CSV,IfcWall,Wall,墙-AA-016,IfcWall-Standard,一层,混凝土,8.871,15.444,0.0,0.0,m³,430.0,0.0,CSV Schedule,Pass,m³,17,sample_elements.csv,zero_volume
E-0017,GUID-0017,CSV,IfcDoor,Door,INVALID,IfcDoor-Standard,二层,木材,11.311,4.686,4.997,1.0,樘,860.0,860.0,CSV Schedule,Pass,樘,18,sample_elements.csv,invalid_name
E-0018,GUID-0018,CSV,IfcWindow,Window,INVALID,IfcWindow-Standard,三层,玻璃,8.465,6.473,1.531,1.0,樘,720.0,720.0,CSV Schedule,Pass,樘,19,sample_elements.csv,invalid_name
E-0019,GUID-0019,CSV,IfcBeam,Beam,INVALID,IfcBeam-Standard,一层,混凝土,10.272,9.739,7.881,7.881,m³,520.0,4098.12,CSV Schedule,Pass,m³,20,sample_elements.csv,invalid_name
E-0020,GUID-0020,CSV,IfcColumn,Column,柱-AA-020,IfcColumn-Standard,二层,混凝土,7.719,11.754,3.496,3.496,unknown,,,CSV Schedule,Pass,unknown,21,sample_elements.csv,invalid_unit
E-0021,GUID-0021,CSV,IfcSlab,Slab,板-AA-021,IfcSlab-Standard,三层,混凝土,9.229,21.637,1.281,1.281,unknown,,,CSV Schedule,Pass,unknown,22,sample_elements.csv,invalid_unit
E-0022,GUID-0022,CSV,IfcWall,Wall,墙-AA-022,IfcWall-Standard,一层,未知材料,5.763,25.279,4.02,4.02,m³,,,CSV Schedule,Pass,m³,23,sample_elements.csv,unmatched_unit_price
E-0023,GUID-0023,CSV,IfcDoor,Door,门-AA-023,IfcDoor-Standard,二层,未知材料,7.469,11.044,0.56,1.0,樘,,,CSV Schedule,Pass,樘,24,sample_elements.csv,unmatched_unit_price
E-0024,GUID-0024,CSV,IfcWindow,Window,窗-AA-024,IfcWindow-Standard,三层,玻璃,7.654,13.982,4.972,1.0,樘,720.0,720.0,CSV Schedule,Pass,樘,25,sample_elements.csv,
E-0025,GUID-0025,CSV,IfcBeam,Beam,梁-AA-025,IfcBeam-Standard,一层,混凝土,5.136,5.166,3.804,3.804,m³,520.0,1978.08,CSV Schedule,Pass,m³,26,sample_elements.csv,
E-0026,GUID-0026,CSV,IfcColumn,Column,柱-AA-026,IfcColumn-Standard,二层,混凝土,10.167,21.132,7.36,7.36,m³,560.0,4121.6,CSV Schedule,Pass,m³,27,sample_elements.csv,
E-0027,GUID-0027,CSV,IfcSlab,Slab,板-AA-027,IfcSlab-Standard,三层,混凝土,4.111,17.052,6.795,6.795,m³,480.0,3261.6,CSV Schedule,Pass,m³,28,sample_elements.csv,
E-0028,GUID-0028,CSV,IfcWall,Wall,墙-AA-028,IfcWall-Standard,一层,混凝土,8.312,20.312,0.205,0.205,m³,430.0,88.15,CSV Schedule,Pass,m³,29,sample_elements.csv,
E-0029,GUID-0029,CSV,IfcDoor,Door,门-AA-029,IfcDoor-Standard,二层,木材,6.254,10.914,6.559,1.0,樘,860.0,860.0,CSV Schedule,Pass,樘,30,sample_elements.csv,
E-0030,GUID-0030,CSV,IfcWindow,Window,窗-AA-030,IfcWindow-Standard,三层,玻璃,1.986,2.539,7.335,1.0,樘,720.0,720.0,CSV Schedule,Pass,樘,31,sample_elements.csv,
E-0031,GUID-0031,CSV,IfcBeam,Beam,梁-AA-031,IfcBeam-Standard,一层,混凝土,2.424,22.199,5.545,5.545,m³,520.0,2883.4,CSV Schedule,Pass,m³,32,sample_elements.csv,
E-0032,GUID-0032,CSV,IfcColumn,Column,柱-AA-032,IfcColumn-Standard,二层,混凝土,10.008,27.579,4.23,4.23,m³,560.0,2368.8,CSV Schedule,Pass,m³,33,sample_elements.csv,
E-0033,GUID-0033,CSV,IfcSlab,Slab,板-AA-033,IfcSlab-Standard,三层,混凝土,4.6,11.067,4.702,4.702,m³,480.0,2256.96,CSV Schedule,Pass,m³,34,sample_elements.csv,
E-0034,GUID-0034,CSV,IfcWall,Wall,墙-AA-034,IfcWall-Standard,一层,混凝土,8.142,2.565,1.354,1.354,m³,430.0,582.22,CSV Schedule,Pass,m³,35,sample_elements.csv,
E-0035,GUID-0035,CSV,IfcDoor,Door,门-AA-035,IfcDoor-Standard,二层,木材,7.742,21.714,2.501,1.0,樘,860.0,860.0,CSV Schedule,Pass,樘,36,sample_elements.csv,
E-0036,GUID-0036,CSV,IfcWindow,Window,窗-AA-036,IfcWindow-Standard,三层,玻璃,10.695,11.785,3.488,1.0,樘,720.0,720.0,CSV Schedule,Pass,樘,37,sample_elements.csv,
E-0037,GUID-0037,CSV,IfcBeam,Beam,梁-AA-037,IfcBeam-Standard,一层,混凝土,11.107,6.359,5.039,5.039,m³,520.0,2620.28,CSV Schedule,Pass,m³,38,sample_elements.csv,
E-0038,GUID-0038,CSV,IfcColumn,Column,柱-AA-038,IfcColumn-Standard,二层,混凝土,10.458,18.424,2.548,2.548,m³,560.0,1426.88,CSV Schedule,Pass,m³,39,sample_elements.csv,
E-0039,GUID-0039,CSV,IfcSlab,Slab,板-AA-039,IfcSlab-Standard,三层,混凝土,9.655,7.817,7.932,7.932,m³,480.0,3807.36,CSV Schedule,Pass,m³,40,sample_elements.csv,
E-0040,GUID-0040,CSV,IfcWall,Wall,墙-AA-040,IfcWall-Standard,一层,混凝土,1.85,14.811,5.842,5.842,m³,430.0,2512.06,CSV Schedule,Pass,m³,41,sample_elements.csv,
E-0041,GUID-0041,CSV,IfcDoor,Door,门-AA-041,IfcDoor-Standard,二层,木材,10.239,8.978,6.715,1.0,樘,860.0,860.0,CSV Schedule,Pass,樘,42,sample_elements.csv,
E-0042,GUID-0042,CSV,IfcWindow,Window,窗-AA-042,IfcWindow-Standard,三层,玻璃,4.877,5.433,3.384,1.0,樘,720.0,720.0,CSV Schedule,Pass,樘,43,sample_elements.csv,
E-0043,GUID-0043,CSV,IfcBeam,Beam,梁-AA-043,IfcBeam-Standard,一层,混凝土,9.99,22.081,1.988,1.988,m³,520.0,1033.76,CSV Schedule,Pass,m³,44,sample_elements.csv,
E-0044,GUID-0044,CSV,IfcColumn,Column,柱-AA-044,IfcColumn-Standard,二层,混凝土,1.133,6.962,7.863,7.863,m³,560.0,4403.28,CSV Schedule,Pass,m³,45,sample_elements.csv,
E-0045,GUID-0045,CSV,IfcSlab,Slab,板-AA-045,IfcSlab-Standard,三层,混凝土,5.764,1.139,0.41,0.41,m³,480.0,196.8,CSV Schedule,Pass,m³,46,sample_elements.csv,
E-0046,GUID-0046,CSV,IfcWall,Wall,墙-AA-046,IfcWall-Standard,一层,混凝土,10.617,7.939,3.01,3.01,m³,430.0,1294.3,CSV Schedule,Pass,m³,47,sample_elements.csv,
E-0047,GUID-0047,CSV,IfcDoor,Door,门-AA-047,IfcDoor-Standard,二层,木材,10.765,16.205,6.002,1.0,樘,860.0,860.0,CSV Schedule,Pass,樘,48,sample_elements.csv,
E-0048,GUID-0048,CSV,IfcWindow,Window,窗-AA-048,IfcWindow-Standard,三层,玻璃,2.04,23.293,6.153,1.0,樘,720.0,720.0,CSV Schedule,Pass,樘,49,sample_elements.csv,
E-0049,GUID-0049,CSV,IfcBeam,Beam,梁-AA-049,IfcBeam-Standard,一层,混凝土,4.584,22.163,4.885,4.885,m³,520.0,2540.2,CSV Schedule,Pass,m³,50,sample_elements.csv,
E-0050,GUID-0050,CSV,IfcColumn,Column,柱-AA-050,IfcColumn-Standard,二层,混凝土,4.019,29.393,4.676,4.676,m³,560.0,2618.56,CSV Schedule,Pass,m³,51,sample_elements.csv,
E-0051,GUID-0051,CSV,IfcSlab,Slab,板-AA-051,IfcSlab-Standard,三层,混凝土,11.043,21.724,3.934,3.934,m³,480.0,1888.32,CSV Schedule,Pass,m³,52,sample_elements.csv,
E-0052,GUID-0052,CSV,IfcWall,Wall,墙-AA-052,IfcWall-Standard,一层,混凝土,4.587,13.328,7.974,7.974,m³,430.0,3428.82,CSV Schedule,Pass,m³,53,sample_elements.csv,
E-0053,GUID-0053,CSV,IfcDoor,Door,门-AA-053,IfcDoor-Standard,二层,木材,7.854,16.983,5.047,1.0,樘,860.0,860.0,CSV Schedule,Pass,樘,54,sample_elements.csv,
E-0054,GUID-0054,CSV,IfcWindow,Window,窗-AA-054,IfcWindow-Standard,三层,玻璃,6.748,20.63,4.775,1.0,樘,720.0,720.0,CSV Schedule,Pass,樘,55,sample_elements.csv,
E-0055,GUID-0055,CSV,IfcBeam,Beam,梁-AA-055,IfcBeam-Standard,一层,混凝土,10.982,13.467,5.964,5.964,m³,520.0,3101.28,CSV Schedule,Pass,m³,56,sample_elements.csv,
E-0056,GUID-0056,CSV,IfcColumn,Column,柱-AA-056,IfcColumn-Standard,二层,混凝土,8.21,11.251,6.106,6.106,m³,560.0,3419.36,CSV Schedule,Pass,m³,57,sample_elements.csv,
E-0057,GUID-0057,CSV,IfcSlab,Slab,板-AA-057,IfcSlab-Standard,三层,混凝土,8.328,4.518,0.768,0.768,m³,480.0,368.64,CSV Schedule,Pass,m³,58,sample_elements.csv,
E-0058,GUID-0058,CSV,IfcWall,Wall,墙-AA-058,IfcWall-Standard,一层,混凝土,8.663,4.726,1.69,1.69,m³,430.0,726.7,CSV Schedule,Pass,m³,59,sample_elements.csv,
E-0059,GUID-0059,CSV,IfcDoor,Door,门-AA-059,IfcDoor-Standard,二层,木材,5.119,14.759,7.416,1.0,樘,860.0,860.0,CSV Schedule,Pass,樘,60,sample_elements.csv,
E-0060,GUID-0060,CSV,IfcWindow,Window,窗-AA-060,IfcWindow-Standard,三层,玻璃,1.713,25.958,5.663,1.0,樘,720.0,720.0,CSV Schedule,Pass,樘,61,sample_elements.csv,
E-0061,GUID-0061,CSV,IfcBeam,Beam,梁-AA-061,IfcBeam-Standard,一层,混凝土,6.765,22.912,5.661,5.661,m³,520.0,2943.72,CSV Schedule,Pass,m³,62,sample_elements.csv,
E-0062,GUID-0062,CSV,IfcColumn,Column,柱-AA-062,IfcColumn-Standard,二层,混凝土,8.051,15.227,4.677,4.677,m³,560.0,2619.12,CSV Schedule,Pass,m³,63,sample_elements.csv,
E-0063,GUID-0063,CSV,IfcSlab,Slab,板-AA-063,IfcSlab-Standard,三层,混凝土,1.732,2.953,7.492,7.492,m³,480.0,3596.16,CSV Schedule,Pass,m³,64,sample_elements.csv,
E-0064,GUID-0064,CSV,IfcWall,Wall,墙-AA-064,IfcWall-Standard,一层,混凝土,8.604,23.867,1.05,1.05,m³,430.0,451.5,CSV Schedule,Pass,m³,65,sample_elements.csv,
E-0065,GUID-0065,CSV,IfcDoor,Door,门-AA-065,IfcDoor-Standard,二层,木材,2.958,3.108,6.396,1.0,樘,860.0,860.0,CSV Schedule,Pass,樘,66,sample_elements.csv,
E-0066,GUID-0066,CSV,IfcWindow,Window,窗-AA-066,IfcWindow-Standard,三层,玻璃,1.188,28.274,3.75,1.0,樘,720.0,720.0,CSV Schedule,Pass,樘,67,sample_elements.csv,
E-0067,GUID-0067,CSV,IfcBeam,Beam,梁-AA-067,IfcBeam-Standard,一层,混凝土,4.676,17.648,3.62,3.62,m³,520.0,1882.4,CSV Schedule,Pass,m³,68,sample_elements.csv,
E-0068,GUID-0068,CSV,IfcColumn,Column,柱-AA-068,IfcColumn-Standard,二层,混凝土,3.533,16.172,5.302,5.302,m³,560.0,2969.12,CSV Schedule,Pass,m³,69,sample_elements.csv,
E-0069,GUID-0069,CSV,IfcSlab,Slab,板-AA-069,IfcSlab-Standard,三层,混凝土,8.787,20.156,1.485,1.485,m³,480.0,712.8,CSV Schedule,Pass,m³,70,sample_elements.csv,
E-0070,GUID-0070,CSV,IfcWall,Wall,墙-AA-070,IfcWall-Standard,一层,混凝土,4.011,5.282,6.612,6.612,m³,430.0,2843.16,CSV Schedule,Pass,m³,71,sample_elements.csv,
E-0071,GUID-0071,CSV,IfcDoor,Door,门-AA-071,IfcDoor-Standard,二层,木材,1.193,10.583,4.283,1.0,樘,860.0,860.0,CSV Schedule,Pass,樘,72,sample_elements.csv,
E-0072,GUID-0072,CSV,IfcWindow,Window,窗-AA-072,IfcWindow-Standard,三层,玻璃,1.718,29.145,0.392,1.0,樘,720.0,720.0,CSV Schedule,Pass,樘,73,sample_elements.csv,
E-0073,GUID-0073,CSV,IfcBeam,Beam,梁-AA-073,IfcBeam-Standard,一层,混凝土,8.5,13.677,6.68,6.68,m³,520.0,3473.6,CSV Schedule,Pass,m³,74,sample_elements.csv,
E-0074,GUID-0074,CSV,IfcColumn,Column,柱-AA-074,IfcColumn-Standard,二层,混凝土,11.128,17.009,2.547,2.547,m³,560.0,1426.32,CSV Schedule,Pass,m³,75,sample_elements.csv,
E-0075,GUID-0075,CSV,IfcSlab,Slab,板-AA-075,IfcSlab-Standard,三层,混凝土,7.408,16.542,6.338,6.338,m³,480.0,3042.24,CSV Schedule,Pass,m³,76,sample_elements.csv,
E-0076,GUID-0076,CSV,IfcWall,Wall,墙-AA-076,IfcWall-Standard,一层,混凝土,1.763,1.247,4.121,4.121,m³,430.0,1772.03,CSV Schedule,Pass,m³,77,sample_elements.csv,
E-0077,GUID-0077,CSV,IfcDoor,Door,门-AA-077,IfcDoor-Standard,二层,木材,2.633,27.779,0.24,1.0,樘,860.0,860.0,CSV Schedule,Pass,樘,78,sample_elements.csv,
E-0078,GUID-0078,CSV,IfcWindow,Window,窗-AA-078,IfcWindow-Standard,三层,玻璃,7.024,21.765,3.209,1.0,樘,720.0,720.0,CSV Schedule,Pass,樘,79,sample_elements.csv,
E-0079,GUID-0079,CSV,IfcBeam,Beam,梁-AA-079,IfcBeam-Standard,一层,混凝土,1.037,2.255,2.806,2.806,m³,520.0,1459.12,CSV Schedule,Pass,m³,80,sample_elements.csv,
E-0080,GUID-0080,CSV,IfcColumn,Column,柱-AA-080,IfcColumn-Standard,二层,混凝土,9.122,21.187,2.001,2.001,m³,560.0,1120.56,CSV Schedule,Pass,m³,81,sample_elements.csv,
E-0081,GUID-0081,CSV,IfcSlab,Slab,板-AA-081,IfcSlab-Standard,三层,混凝土,3.318,22.487,4.723,4.723,m³,480.0,2267.04,CSV Schedule,Pass,m³,82,sample_elements.csv,
E-0082,GUID-0082,CSV,IfcWall,Wall,墙-AA-082,IfcWall-Standard,一层,混凝土,5.067,3.603,5.663,5.663,m³,430.0,2435.09,CSV Schedule,Pass,m³,83,sample_elements.csv,
E-0083,GUID-0083,CSV,IfcDoor,Door,门-AA-083,IfcDoor-Standard,二层,木材,5.842,18.635,6.026,1.0,樘,860.0,860.0,CSV Schedule,Pass,樘,84,sample_elements.csv,
E-0084,GUID-0084,CSV,IfcWindow,Window,窗-AA-084,IfcWindow-Standard,三层,玻璃,9.229,12.817,5.737,1.0,樘,720.0,720.0,CSV Schedule,Pass,樘,85,sample_elements.csv,
E-0085,GUID-0085,CSV,IfcBeam,Beam,梁-AA-085,IfcBeam-Standard,一层,混凝土,11.373,20.857,0.229,0.229,m³,520.0,119.08,CSV Schedule,Pass,m³,86,sample_elements.csv,
E-0086,GUID-0086,CSV,IfcColumn,Column,柱-AA-086,IfcColumn-Standard,二层,混凝土,3.365,12.6,6.424,6.424,m³,560.0,3597.44,CSV Schedule,Pass,m³,87,sample_elements.csv,
E-0087,GUID-0087,CSV,IfcSlab,Slab,板-AA-087,IfcSlab-Standard,三层,混凝土,6.804,20.348,4.866,4.866,m³,480.0,2335.68,CSV Schedule,Pass,m³,88,sample_elements.csv,
E-0088,GUID-0088,CSV,IfcWall,Wall,墙-AA-088,IfcWall-Standard,一层,混凝土,9.72,0.658,5.541,5.541,m³,430.0,2382.63,CSV Schedule,Pass,m³,89,sample_elements.csv,
E-0089,GUID-0089,CSV,IfcDoor,Door,门-AA-089,IfcDoor-Standard,二层,木材,11.154,11.17,5.539,1.0,樘,860.0,860.0,CSV Schedule,Pass,樘,90,sample_elements.csv,
E-0090,GUID-0090,CSV,IfcWindow,Window,窗-AA-090,IfcWindow-Standard,三层,玻璃,3.817,16.393,2.828,1.0,樘,720.0,720.0,CSV Schedule,Pass,樘,91,sample_elements.csv,
E-0091,GUID-0091,CSV,IfcBeam,Beam,梁-AA-091,IfcBeam-Standard,一层,混凝土,2.163,22.055,7.26,7.26,m³,520.0,3775.2,CSV Schedule,Pass,m³,92,sample_elements.csv,
E-0092,GUID-0092,CSV,IfcColumn,Column,柱-AA-092,IfcColumn-Standard,二层,混凝土,2.546,5.665,5.405,5.405,m³,560.0,3026.8,CSV Schedule,Pass,m³,93,sample_elements.csv,
E-0093,GUID-0093,CSV,IfcSlab,Slab,板-AA-093,IfcSlab-Standard,三层,混凝土,2.147,28.662,4.974,4.974,m³,480.0,2387.52,CSV Schedule,Pass,m³,94,sample_elements.csv,
E-0094,GUID-0094,CSV,IfcWall,Wall,墙-AA-094,IfcWall-Standard,一层,混凝土,4.083,29.573,6.726,6.726,m³,430.0,2892.18,CSV Schedule,Pass,m³,95,sample_elements.csv,
E-0095,GUID-0095,CSV,IfcDoor,Door,门-AA-095,IfcDoor-Standard,二层,木材,7.375,20.058,4.039,1.0,樘,860.0,860.0,CSV Schedule,Pass,樘,96,sample_elements.csv,
E-0096,GUID-0096,CSV,IfcWindow,Window,窗-AA-096,IfcWindow-Standard,三层,玻璃,11.272,23.733,2.548,1.0,樘,720.0,720.0,CSV Schedule,Pass,樘,97,sample_elements.csv,
E-0097,GUID-0097,CSV,IfcBeam,Beam,梁-AA-097,IfcBeam-Standard,一层,混凝土,10.844,2.013,3.713,3.713,m³,520.0,1930.76,CSV Schedule,Pass,m³,98,sample_elements.csv,
E-0098,GUID-0098,CSV,IfcColumn,Column,柱-AA-098,IfcColumn-Standard,二层,混凝土,8.445,16.148,2.149,2.149,m³,560.0,1203.44,CSV Schedule,Pass,m³,99,sample_elements.csv,
E-0099,GUID-0099,CSV,IfcSlab,Slab,板-AA-099,IfcSlab-Standard,三层,混凝土,5.151,10.986,0.547,0.547,m³,480.0,262.56,CSV Schedule,Pass,m³,100,sample_elements.csv,
E-0100,GUID-0100,CSV,IfcWall,Wall,墙-AA-100,IfcWall-Standard,一层,混凝土,3.341,20.101,2.223,2.223,m³,430.0,955.89,CSV Schedule,Pass,m³,101,sample_elements.csv,
E-0101,GUID-0101,CSV,IfcDoor,Door,门-AA-101,IfcDoor-Standard,二层,木材,11.929,5.483,5.549,1.0,樘,860.0,860.0,CSV Schedule,Pass,樘,102,sample_elements.csv,
E-0102,GUID-0102,CSV,IfcWindow,Window,窗-AA-102,IfcWindow-Standard,三层,玻璃,2.115,10.444,0.454,1.0,樘,720.0,720.0,CSV Schedule,Pass,樘,103,sample_elements.csv,
E-0103,GUID-0103,CSV,IfcBeam,Beam,梁-AA-103,IfcBeam-Standard,一层,混凝土,10.014,28.132,3.527,3.527,m³,520.0,1834.04,CSV Schedule,Pass,m³,104,sample_elements.csv,
E-0104,GUID-0104,CSV,IfcColumn,Column,柱-AA-104,IfcColumn-Standard,二层,混凝土,8.541,10.98,4.908,4.908,m³,560.0,2748.48,CSV Schedule,Pass,m³,105,sample_elements.csv,
E-0105,GUID-0105,CSV,IfcSlab,Slab,板-AA-105,IfcSlab-Standard,三层,混凝土,9.921,25.864,5.303,5.303,m³,480.0,2545.44,CSV Schedule,Pass,m³,106,sample_elements.csv,
E-0106,GUID-0106,CSV,IfcWall,Wall,墙-AA-106,IfcWall-Standard,一层,混凝土,11.619,4.82,6.41,6.41,m³,430.0,2756.3,CSV Schedule,Pass,m³,107,sample_elements.csv,
E-0107,GUID-0107,CSV,IfcDoor,Door,门-AA-107,IfcDoor-Standard,二层,木材,1.781,6.834,6.609,1.0,樘,860.0,860.0,CSV Schedule,Pass,樘,108,sample_elements.csv,
E-0108,GUID-0108,CSV,IfcWindow,Window,窗-AA-108,IfcWindow-Standard,三层,玻璃,4.036,8.878,7.588,1.0,樘,720.0,720.0,CSV Schedule,Pass,樘,109,sample_elements.csv,
E-0109,GUID-0109,CSV,IfcBeam,Beam,梁-AA-109,IfcBeam-Standard,一层,混凝土,11.83,12.579,2.97,2.97,m³,520.0,1544.4,CSV Schedule,Pass,m³,110,sample_elements.csv,
E-0110,GUID-0110,CSV,IfcColumn,Column,柱-AA-110,IfcColumn-Standard,二层,混凝土,3.983,9.104,5.794,5.794,m³,560.0,3244.64,CSV Schedule,Pass,m³,111,sample_elements.csv,
E-0111,GUID-0111,CSV,IfcSlab,Slab,板-AA-111,IfcSlab-Standard,三层,混凝土,7.735,20.934,5.541,5.541,m³,480.0,2659.68,CSV Schedule,Pass,m³,112,sample_elements.csv,
E-0112,GUID-0112,CSV,IfcWall,Wall,墙-AA-112,IfcWall-Standard,一层,混凝土,10.257,20.507,6.725,6.725,m³,430.0,2891.75,CSV Schedule,Pass,m³,113,sample_elements.csv,
E-0113,GUID-0113,CSV,IfcDoor,Door,门-AA-113,IfcDoor-Standard,二层,木材,10.244,1.956,0.34,1.0,樘,860.0,860.0,CSV Schedule,Pass,樘,114,sample_elements.csv,
E-0114,GUID-0114,CSV,IfcWindow,Window,窗-AA-114,IfcWindow-Standard,三层,玻璃,2.941,27.099,2.738,1.0,樘,720.0,720.0,CSV Schedule,Pass,樘,115,sample_elements.csv,
E-0115,GUID-0115,CSV,IfcBeam,Beam,梁-AA-115,IfcBeam-Standard,一层,混凝土,8.935,25.076,6.315,6.315,m³,520.0,3283.8,CSV Schedule,Pass,m³,116,sample_elements.csv,
E-0116,GUID-0116,CSV,IfcColumn,Column,柱-AA-116,IfcColumn-Standard,二层,混凝土,6.888,11.299,4.741,4.741,m³,560.0,2654.96,CSV Schedule,Pass,m³,117,sample_elements.csv,
E-0117,GUID-0117,CSV,IfcSlab,Slab,板-AA-117,IfcSlab-Standard,三层,混凝土,1.966,1.233,7.546,7.546,m³,480.0,3622.08,CSV Schedule,Pass,m³,118,sample_elements.csv,
E-0118,GUID-0118,CSV,IfcWall,Wall,墙-AA-118,IfcWall-Standard,一层,混凝土,2.579,19.903,2.741,2.741,m³,430.0,1178.63,CSV Schedule,Pass,m³,119,sample_elements.csv,
E-0119,GUID-0119,CSV,IfcDoor,Door,门-AA-119,IfcDoor-Standard,二层,木材,2.627,11.508,6.716,1.0,樘,860.0,860.0,CSV Schedule,Pass,樘,120,sample_elements.csv,
E-0120,GUID-0120,CSV,IfcWindow,Window,窗-AA-120,IfcWindow-Standard,三层,玻璃,9.621,28.687,1.805,1.0,樘,720.0,720.0,CSV Schedule,Pass,樘,121,sample_elements.csv,
E-0121,GUID-0121,CSV,IfcBeam,Beam,梁-AA-121,IfcBeam-Standard,一层,混凝土,6.244,29.882,6.051,6.051,m³,520.0,3146.52,CSV Schedule,Pass,m³,122,sample_elements.csv,
E-0122,GUID-0122,CSV,IfcColumn,Column,柱-AA-122,IfcColumn-Standard,二层,混凝土,10.684,18.172,0.995,0.995,m³,560.0,557.2,CSV Schedule,Pass,m³,123,sample_elements.csv,
E-0123,GUID-0123,CSV,IfcSlab,Slab,板-AA-123,IfcSlab-Standard,三层,混凝土,8.316,14.21,7.887,7.887,m³,480.0,3785.76,CSV Schedule,Pass,m³,124,sample_elements.csv,
E-0124,GUID-0124,CSV,IfcWall,Wall,墙-AA-124,IfcWall-Standard,一层,混凝土,6.6,29.103,6.328,6.328,m³,430.0,2721.04,CSV Schedule,Pass,m³,125,sample_elements.csv,
E-0125,GUID-0125,CSV,IfcDoor,Door,门-AA-125,IfcDoor-Standard,二层,木材,3.726,0.668,7.61,1.0,樘,860.0,860.0,CSV Schedule,Pass,樘,126,sample_elements.csv,
E-0126,GUID-0126,CSV,IfcWindow,Window,窗-AA-126,IfcWindow-Standard,三层,玻璃,9.338,7.019,2.511,1.0,樘,720.0,720.0,CSV Schedule,Pass,樘,127,sample_elements.csv,
E-0127,GUID-0127,CSV,IfcBeam,Beam,梁-AA-127,IfcBeam-Standard,一层,混凝土,8.077,16.377,7.478,7.478,m³,520.0,3888.56,CSV Schedule,Pass,m³,128,sample_elements.csv,
E-0128,GUID-0128,CSV,IfcColumn,Column,柱-AA-128,IfcColumn-Standard,二层,混凝土,1.815,1.618,1.22,1.22,m³,560.0,683.2,CSV Schedule,Pass,m³,129,sample_elements.csv,
E-0129,GUID-0129,CSV,IfcSlab,Slab,板-AA-129,IfcSlab-Standard,三层,混凝土,6.879,29.405,4.094,4.094,m³,480.0,1965.12,CSV Schedule,Pass,m³,130,sample_elements.csv,
E-0130,GUID-0130,CSV,IfcWall,Wall,墙-AA-130,IfcWall-Standard,一层,混凝土,5.634,28.023,6.561,6.561,m³,430.0,2821.23,CSV Schedule,Pass,m³,131,sample_elements.csv,
E-0131,GUID-0131,CSV,IfcDoor,Door,门-AA-131,IfcDoor-Standard,二层,木材,2.303,25.709,4.879,1.0,樘,860.0,860.0,CSV Schedule,Pass,樘,132,sample_elements.csv,
E-0132,GUID-0132,CSV,IfcWindow,Window,窗-AA-132,IfcWindow-Standard,三层,玻璃,10.236,29.615,3.797,1.0,樘,720.0,720.0,CSV Schedule,Pass,樘,133,sample_elements.csv,
E-0133,GUID-0133,CSV,IfcBeam,Beam,梁-AA-133,IfcBeam-Standard,一层,混凝土,2.287,6.441,3.535,3.535,m³,520.0,1838.2,CSV Schedule,Pass,m³,134,sample_elements.csv,
E-0134,GUID-0134,CSV,IfcColumn,Column,柱-AA-134,IfcColumn-Standard,二层,混凝土,9.465,25.797,7.389,7.389,m³,560.0,4137.84,CSV Schedule,Pass,m³,135,sample_elements.csv,
E-0135,GUID-0135,CSV,IfcSlab,Slab,板-AA-135,IfcSlab-Standard,三层,混凝土,11.388,1.11,3.918,3.918,m³,480.0,1880.64,CSV Schedule,Pass,m³,136,sample_elements.csv,
E-0136,GUID-0136,CSV,IfcWall,Wall,墙-AA-136,IfcWall-Standard,一层,混凝土,3.7,23.983,0.562,0.562,m³,430.0,241.66,CSV Schedule,Pass,m³,137,sample_elements.csv,
E-0137,GUID-0137,CSV,IfcDoor,Door,门-AA-137,IfcDoor-Standard,二层,木材,8.301,7.774,2.219,1.0,樘,860.0,860.0,CSV Schedule,Pass,樘,138,sample_elements.csv,
E-0138,GUID-0138,CSV,IfcWindow,Window,窗-AA-138,IfcWindow-Standard,三层,玻璃,2.31,22.12,7.692,1.0,樘,720.0,720.0,CSV Schedule,Pass,樘,139,sample_elements.csv,
E-0139,GUID-0139,CSV,IfcBeam,Beam,梁-AA-139,IfcBeam-Standard,一层,混凝土,5.921,26.827,2.916,2.916,m³,520.0,1516.32,CSV Schedule,Pass,m³,140,sample_elements.csv,
E-0140,GUID-0140,CSV,IfcColumn,Column,柱-AA-140,IfcColumn-Standard,二层,混凝土,8.353,18.534,0.854,0.854,m³,560.0,478.24,CSV Schedule,Pass,m³,141,sample_elements.csv,
E-0141,GUID-0141,CSV,IfcSlab,Slab,板-AA-141,IfcSlab-Standard,三层,混凝土,4.319,2.735,2.586,2.586,m³,480.0,1241.28,CSV Schedule,Pass,m³,142,sample_elements.csv,
E-0142,GUID-0142,CSV,IfcWall,Wall,墙-AA-142,IfcWall-Standard,一层,混凝土,10.46,1.314,6.56,6.56,m³,430.0,2820.8,CSV Schedule,Pass,m³,143,sample_elements.csv,
E-0143,GUID-0143,CSV,IfcDoor,Door,门-AA-143,IfcDoor-Standard,二层,木材,1.699,0.645,0.856,1.0,樘,860.0,860.0,CSV Schedule,Pass,樘,144,sample_elements.csv,
E-0144,GUID-0144,CSV,IfcWindow,Window,窗-AA-144,IfcWindow-Standard,三层,玻璃,5.323,19.807,5.077,1.0,樘,720.0,720.0,CSV Schedule,Pass,樘,145,sample_elements.csv,
E-0145,GUID-0145,CSV,IfcBeam,Beam,梁-AA-145,IfcBeam-Standard,一层,混凝土,1.664,8.882,3.898,3.898,m³,520.0,2026.96,CSV Schedule,Pass,m³,146,sample_elements.csv,
E-0146,GUID-0146,CSV,IfcColumn,Column,柱-AA-146,IfcColumn-Standard,二层,混凝土,4.246,7.545,3.776,3.776,m³,560.0,2114.56,CSV Schedule,Pass,m³,147,sample_elements.csv,
E-0147,GUID-0147,CSV,IfcSlab,Slab,板-AA-147,IfcSlab-Standard,三层,混凝土,6.452,20.581,3.048,3.048,m³,480.0,1463.04,CSV Schedule,Pass,m³,148,sample_elements.csv,
E-0148,GUID-0148,CSV,IfcWall,Wall,墙-AA-148,IfcWall-Standard,一层,混凝土,5.097,4.59,6.433,6.433,m³,430.0,2766.19,CSV Schedule,Pass,m³,149,sample_elements.csv,
E-0149,GUID-0149,CSV,IfcDoor,Door,门-AA-149,IfcDoor-Standard,二层,木材,4.64,21.415,1.257,1.0,樘,860.0,860.0,CSV Schedule,Pass,樘,150,sample_elements.csv,
E-0150,GUID-0150,CSV,IfcWindow,Window,窗-AA-150,IfcWindow-Standard,三层,玻璃,4.447,7.348,3.651,1.0,樘,720.0,720.0,CSV Schedule,Pass,樘,151,sample_elements.csv,
E-0151,GUID-0151,CSV,IfcBeam,Beam,梁-AA-151,IfcBeam-Standard,一层,混凝土,10.952,10.13,3.093,3.093,m³,520.0,1608.36,CSV Schedule,Pass,m³,152,sample_elements.csv,
E-0152,GUID-0152,CSV,IfcColumn,Column,柱-AA-152,IfcColumn-Standard,二层,混凝土,1.542,21.152,6.901,6.901,m³,560.0,3864.56,CSV Schedule,Pass,m³,153,sample_elements.csv,
E-0153,GUID-0153,CSV,IfcSlab,Slab,板-AA-153,IfcSlab-Standard,三层,混凝土,9.101,14.035,6.313,6.313,m³,480.0,3030.24,CSV Schedule,Pass,m³,154,sample_elements.csv,
E-0154,GUID-0154,CSV,IfcWall,Wall,墙-AA-154,IfcWall-Standard,一层,混凝土,9.668,3.761,1.262,1.262,m³,430.0,542.66,CSV Schedule,Pass,m³,155,sample_elements.csv,
E-0155,GUID-0155,CSV,IfcDoor,Door,门-AA-155,IfcDoor-Standard,二层,木材,8.946,26.852,6.421,1.0,樘,860.0,860.0,CSV Schedule,Pass,樘,156,sample_elements.csv,
E-0156,GUID-0156,CSV,IfcWindow,Window,窗-AA-156,IfcWindow-Standard,三层,玻璃,2.376,26.75,3.873,1.0,樘,720.0,720.0,CSV Schedule,Pass,樘,157,sample_elements.csv,
E-0157,GUID-0157,CSV,IfcBeam,Beam,梁-AA-157,IfcBeam-Standard,一层,混凝土,6.613,22.394,1.104,1.104,m³,520.0,574.08,CSV Schedule,Pass,m³,158,sample_elements.csv,
E-0158,GUID-0158,CSV,IfcColumn,Column,柱-AA-158,IfcColumn-Standard,二层,混凝土,1.56,24.783,4.48,4.48,m³,560.0,2508.8,CSV Schedule,Pass,m³,159,sample_elements.csv,
E-0159,GUID-0159,CSV,IfcSlab,Slab,板-AA-159,IfcSlab-Standard,三层,混凝土,8.676,20.231,5.163,5.163,m³,480.0,2478.24,CSV Schedule,Pass,m³,160,sample_elements.csv,
E-0160,GUID-0160,CSV,IfcWall,Wall,墙-AA-160,IfcWall-Standard,一层,混凝土,3.011,21.589,5.274,5.274,m³,430.0,2267.82,CSV Schedule,Pass,m³,161,sample_elements.csv,
E-0161,GUID-0161,CSV,IfcDoor,Door,门-AA-161,IfcDoor-Standard,二层,木材,11.892,26.828,2.801,1.0,樘,860.0,860.0,CSV Schedule,Pass,樘,162,sample_elements.csv,
E-0162,GUID-0162,CSV,IfcWindow,Window,窗-AA-162,IfcWindow-Standard,三层,玻璃,2.614,7.922,3.145,1.0,樘,720.0,720.0,CSV Schedule,Pass,樘,163,sample_elements.csv,
E-0163,GUID-0163,CSV,IfcBeam,Beam,梁-AA-163,IfcBeam-Standard,一层,混凝土,1.248,11.109,3.697,3.697,m³,520.0,1922.44,CSV Schedule,Pass,m³,164,sample_elements.csv,
E-0164,GUID-0164,CSV,IfcColumn,Column,柱-AA-164,IfcColumn-Standard,二层,混凝土,11.835,6.943,3.63,3.63,m³,560.0,2032.8,CSV Schedule,Pass,m³,165,sample_elements.csv,
E-0165,GUID-0165,CSV,IfcSlab,Slab,板-AA-165,IfcSlab-Standard,三层,混凝土,3.243,21.605,3.092,3.092,m³,480.0,1484.16,CSV Schedule,Pass,m³,166,sample_elements.csv,
E-0166,GUID-0166,CSV,IfcWall,Wall,墙-AA-166,IfcWall-Standard,一层,混凝土,3.499,4.501,0.422,0.422,m³,430.0,181.46,CSV Schedule,Pass,m³,167,sample_elements.csv,
E-0167,GUID-0167,CSV,IfcDoor,Door,门-AA-167,IfcDoor-Standard,二层,木材,6.974,25.906,2.88,1.0,樘,860.0,860.0,CSV Schedule,Pass,樘,168,sample_elements.csv,
E-0168,GUID-0168,CSV,IfcWindow,Window,窗-AA-168,IfcWindow-Standard,三层,玻璃,8.685,23.522,2.337,1.0,樘,720.0,720.0,CSV Schedule,Pass,樘,169,sample_elements.csv,
E-0169,GUID-0169,CSV,IfcBeam,Beam,梁-AA-169,IfcBeam-Standard,一层,混凝土,9.987,12.511,1.289,1.289,m³,520.0,670.28,CSV Schedule,Pass,m³,170,sample_elements.csv,
E-0170,GUID-0170,CSV,IfcColumn,Column,柱-AA-170,IfcColumn-Standard,二层,混凝土,5.642,13.414,4.643,4.643,m³,560.0,2600.08,CSV Schedule,Pass,m³,171,sample_elements.csv,
E-0171,GUID-0171,CSV,IfcSlab,Slab,板-AA-171,IfcSlab-Standard,三层,混凝土,4.427,10.227,2.129,2.129,m³,480.0,1021.92,CSV Schedule,Pass,m³,172,sample_elements.csv,
E-0172,GUID-0172,CSV,IfcWall,Wall,墙-AA-172,IfcWall-Standard,一层,混凝土,5.956,29.731,6.326,6.326,m³,430.0,2720.18,CSV Schedule,Pass,m³,173,sample_elements.csv,
E-0173,GUID-0173,CSV,IfcDoor,Door,门-AA-173,IfcDoor-Standard,二层,木材,11.223,9.641,4.067,1.0,樘,860.0,860.0,CSV Schedule,Pass,樘,174,sample_elements.csv,
E-0174,GUID-0174,CSV,IfcWindow,Window,窗-AA-174,IfcWindow-Standard,三层,玻璃,8.098,27.659,3.818,1.0,樘,720.0,720.0,CSV Schedule,Pass,樘,175,sample_elements.csv,
E-0175,GUID-0175,CSV,IfcBeam,Beam,梁-AA-175,IfcBeam-Standard,一层,混凝土,6.968,8.271,4.262,4.262,m³,520.0,2216.24,CSV Schedule,Pass,m³,176,sample_elements.csv,
E-0176,GUID-0176,CSV,IfcColumn,Column,柱-AA-176,IfcColumn-Standard,二层,混凝土,7.497,5.027,7.085,7.085,m³,560.0,3967.6,CSV Schedule,Pass,m³,177,sample_elements.csv,
E-0177,GUID-0177,CSV,IfcSlab,Slab,板-AA-177,IfcSlab-Standard,三层,混凝土,3.568,29.377,4.237,4.237,m³,480.0,2033.76,CSV Schedule,Pass,m³,178,sample_elements.csv,
E-0178,GUID-0178,CSV,IfcWall,Wall,墙-AA-178,IfcWall-Standard,一层,混凝土,6.861,8.859,1.239,1.239,m³,430.0,532.77,CSV Schedule,Pass,m³,179,sample_elements.csv,
E-0179,GUID-0179,CSV,IfcDoor,Door,门-AA-179,IfcDoor-Standard,二层,木材,2.21,14.488,5.944,1.0,樘,860.0,860.0,CSV Schedule,Pass,樘,180,sample_elements.csv,
E-0180,GUID-0180,CSV,IfcWindow,Window,窗-AA-180,IfcWindow-Standard,三层,玻璃,6.358,0.655,5.497,1.0,樘,720.0,720.0,CSV Schedule,Pass,樘,181,sample_elements.csv,
E-0181,GUID-0181,CSV,IfcBeam,Beam,梁-AA-181,IfcBeam-Standard,一层,混凝土,10.455,5.471,1.463,1.463,m³,520.0,760.76,CSV Schedule,Pass,m³,182,sample_elements.csv,
E-0182,GUID-0182,CSV,IfcColumn,Column,柱-AA-182,IfcColumn-Standard,二层,混凝土,5.756,7.408,1.12,1.12,m³,560.0,627.2,CSV Schedule,Pass,m³,183,sample_elements.csv,
E-0183,GUID-0183,CSV,IfcSlab,Slab,板-AA-183,IfcSlab-Standard,三层,混凝土,2.857,3.737,3.947,3.947,m³,480.0,1894.56,CSV Schedule,Pass,m³,184,sample_elements.csv,
E-0184,GUID-0184,CSV,IfcWall,Wall,墙-AA-184,IfcWall-Standard,一层,混凝土,6.74,25.647,1.538,1.538,m³,430.0,661.34,CSV Schedule,Pass,m³,185,sample_elements.csv,
E-0185,GUID-0185,CSV,IfcDoor,Door,门-AA-185,IfcDoor-Standard,二层,木材,6.028,4.315,4.648,1.0,樘,860.0,860.0,CSV Schedule,Pass,樘,186,sample_elements.csv,
E-0186,GUID-0186,CSV,IfcWindow,Window,窗-AA-186,IfcWindow-Standard,三层,玻璃,9.332,15.9,1.22,1.0,樘,720.0,720.0,CSV Schedule,Pass,樘,187,sample_elements.csv,
E-0187,GUID-0187,CSV,IfcBeam,Beam,梁-AA-187,IfcBeam-Standard,一层,混凝土,2.948,7.21,2.693,2.693,m³,520.0,1400.36,CSV Schedule,Pass,m³,188,sample_elements.csv,
E-0188,GUID-0188,CSV,IfcColumn,Column,柱-AA-188,IfcColumn-Standard,二层,混凝土,5.242,13.701,7.93,7.93,m³,560.0,4440.8,CSV Schedule,Pass,m³,189,sample_elements.csv,
E-0189,GUID-0189,CSV,IfcSlab,Slab,板-AA-189,IfcSlab-Standard,三层,混凝土,3.605,19.629,5.628,5.628,m³,480.0,2701.44,CSV Schedule,Pass,m³,190,sample_elements.csv,
E-0190,GUID-0190,CSV,IfcWall,Wall,墙-AA-190,IfcWall-Standard,一层,混凝土,4.959,27.695,6.505,6.505,m³,430.0,2797.15,CSV Schedule,Pass,m³,191,sample_elements.csv,
E-0191,GUID-0191,CSV,IfcDoor,Door,门-AA-191,IfcDoor-Standard,二层,木材,1.134,20.377,0.746,1.0,樘,860.0,860.0,CSV Schedule,Pass,樘,192,sample_elements.csv,
E-0192,GUID-0192,CSV,IfcWindow,Window,窗-AA-192,IfcWindow-Standard,三层,玻璃,11.728,16.399,1.676,1.0,樘,720.0,720.0,CSV Schedule,Pass,樘,193,sample_elements.csv,
E-0193,GUID-0193,CSV,IfcBeam,Beam,梁-AA-193,IfcBeam-Standard,一层,混凝土,8.818,0.622,1.287,1.287,m³,520.0,669.24,CSV Schedule,Pass,m³,194,sample_elements.csv,
E-0194,GUID-0194,CSV,IfcColumn,Column,柱-AA-194,IfcColumn-Standard,二层,混凝土,8.421,12.115,1.196,1.196,m³,560.0,669.76,CSV Schedule,Pass,m³,195,sample_elements.csv,
E-0195,GUID-0195,CSV,IfcSlab,Slab,板-AA-195,IfcSlab-Standard,三层,混凝土,7.77,25.838,2.848,2.848,m³,480.0,1367.04,CSV Schedule,Pass,m³,196,sample_elements.csv,
E-0196,GUID-0196,CSV,IfcWall,Wall,墙-AA-196,IfcWall-Standard,一层,混凝土,1.88,2.943,6.198,6.198,m³,430.0,2665.14,CSV Schedule,Pass,m³,197,sample_elements.csv,
E-0197,GUID-0197,CSV,IfcDoor,Door,门-AA-197,IfcDoor-Standard,二层,木材,9.448,12.443,6.455,1.0,樘,860.0,860.0,CSV Schedule,Pass,樘,198,sample_elements.csv,
E-0198,GUID-0198,CSV,IfcWindow,Window,窗-AA-198,IfcWindow-Standard,三层,玻璃,10.368,9.109,7.579,1.0,樘,720.0,720.0,CSV Schedule,Pass,樘,199,sample_elements.csv,
E-0199,GUID-0199,CSV,IfcBeam,Beam,梁-AA-199,IfcBeam-Standard,一层,混凝土,1.563,26.83,2.613,2.613,m³,520.0,1358.76,CSV Schedule,Pass,m³,200,sample_elements.csv,
E-0200,GUID-0200,CSV,IfcColumn,Column,柱-AA-200,IfcColumn-Standard,二层,混凝土,5.646,18.746,1.356,1.356,m³,560.0,759.36,CSV Schedule,Pass,m³,201,sample_elements.csv,
E-0201,GUID-0201,CSV,IfcSlab,Slab,板-AA-201,IfcSlab-Standard,三层,混凝土,2.472,4.324,0.696,0.696,m³,480.0,334.08,CSV Schedule,Pass,m³,202,sample_elements.csv,
E-0202,GUID-0202,CSV,IfcWall,Wall,墙-AA-202,IfcWall-Standard,一层,混凝土,3.738,4.609,1.314,1.314,m³,430.0,565.02,CSV Schedule,Pass,m³,203,sample_elements.csv,
E-0203,GUID-0203,CSV,IfcDoor,Door,门-AA-203,IfcDoor-Standard,二层,木材,1.265,12.249,1.523,1.0,樘,860.0,860.0,CSV Schedule,Pass,樘,204,sample_elements.csv,
E-0204,GUID-0204,CSV,IfcWindow,Window,窗-AA-204,IfcWindow-Standard,三层,玻璃,10.895,18.635,1.093,1.0,樘,720.0,720.0,CSV Schedule,Pass,樘,205,sample_elements.csv,
E-0205,GUID-0205,CSV,IfcBeam,Beam,梁-AA-205,IfcBeam-Standard,一层,混凝土,7.658,12.377,6.194,6.194,m³,520.0,3220.88,CSV Schedule,Pass,m³,206,sample_elements.csv,
E-0206,GUID-0206,CSV,IfcColumn,Column,柱-AA-206,IfcColumn-Standard,二层,混凝土,11.385,5.266,7.869,7.869,m³,560.0,4406.64,CSV Schedule,Pass,m³,207,sample_elements.csv,
E-0207,GUID-0207,CSV,IfcSlab,Slab,板-AA-207,IfcSlab-Standard,三层,混凝土,6.14,7.008,6.495,6.495,m³,480.0,3117.6,CSV Schedule,Pass,m³,208,sample_elements.csv,
E-0208,GUID-0208,CSV,IfcWall,Wall,墙-AA-208,IfcWall-Standard,一层,混凝土,9.304,18.146,7.921,7.921,m³,430.0,3406.03,CSV Schedule,Pass,m³,209,sample_elements.csv,
E-0209,GUID-0209,CSV,IfcDoor,Door,门-AA-209,IfcDoor-Standard,二层,木材,10.575,11.242,6.835,1.0,樘,860.0,860.0,CSV Schedule,Pass,樘,210,sample_elements.csv,
E-0210,GUID-0210,CSV,IfcWindow,Window,窗-AA-210,IfcWindow-Standard,三层,玻璃,3.039,19.274,2.042,1.0,樘,720.0,720.0,CSV Schedule,Pass,樘,211,sample_elements.csv,
E-0211,GUID-0211,CSV,IfcBeam,Beam,梁-AA-211,IfcBeam-Standard,一层,混凝土,10.044,23.991,6.686,6.686,m³,520.0,3476.72,CSV Schedule,Pass,m³,212,sample_elements.csv,
E-0212,GUID-0212,CSV,IfcColumn,Column,柱-AA-212,IfcColumn-Standard,二层,混凝土,7.473,25.685,1.846,1.846,m³,560.0,1033.76,CSV Schedule,Pass,m³,213,sample_elements.csv,
E-0213,GUID-0213,CSV,IfcSlab,Slab,板-AA-213,IfcSlab-Standard,三层,混凝土,1.84,7.463,5.182,5.182,m³,480.0,2487.36,CSV Schedule,Pass,m³,214,sample_elements.csv,
E-0214,GUID-0214,CSV,IfcWall,Wall,墙-AA-214,IfcWall-Standard,一层,混凝土,2.078,7.271,1.568,1.568,m³,430.0,674.24,CSV Schedule,Pass,m³,215,sample_elements.csv,
E-0215,GUID-0215,CSV,IfcDoor,Door,门-AA-215,IfcDoor-Standard,二层,木材,10.792,8.417,4.643,1.0,樘,860.0,860.0,CSV Schedule,Pass,樘,216,sample_elements.csv,
E-0216,GUID-0216,CSV,IfcWindow,Window,窗-AA-216,IfcWindow-Standard,三层,玻璃,10.55,7.977,3.797,1.0,樘,720.0,720.0,CSV Schedule,Pass,樘,217,sample_elements.csv,
E-0217,GUID-0217,CSV,IfcBeam,Beam,梁-AA-217,IfcBeam-Standard,一层,混凝土,4.722,25.665,3.14,3.14,m³,520.0,1632.8,CSV Schedule,Pass,m³,218,sample_elements.csv,
E-0218,GUID-0218,CSV,IfcColumn,Column,柱-AA-218,IfcColumn-Standard,二层,混凝土,3.987,6.453,2.597,2.597,m³,560.0,1454.32,CSV Schedule,Pass,m³,219,sample_elements.csv,
E-0219,GUID-0219,CSV,IfcSlab,Slab,板-AA-219,IfcSlab-Standard,三层,混凝土,11.7,24.695,4.407,4.407,m³,480.0,2115.36,CSV Schedule,Pass,m³,220,sample_elements.csv,
E-0220,GUID-0220,CSV,IfcWall,Wall,墙-AA-220,IfcWall-Standard,一层,混凝土,9.02,2.757,7.245,7.245,m³,430.0,3115.35,CSV Schedule,Pass,m³,221,sample_elements.csv,
E-0221,GUID-0221,CSV,IfcDoor,Door,门-AA-221,IfcDoor-Standard,二层,木材,2.968,26.452,4.08,1.0,樘,860.0,860.0,CSV Schedule,Pass,樘,222,sample_elements.csv,
E-0222,GUID-0222,CSV,IfcWindow,Window,窗-AA-222,IfcWindow-Standard,三层,玻璃,7.443,3.295,7.96,1.0,樘,720.0,720.0,CSV Schedule,Pass,樘,223,sample_elements.csv,
E-0223,GUID-0223,CSV,IfcBeam,Beam,梁-AA-223,IfcBeam-Standard,一层,混凝土,3.706,1.989,3.677,3.677,m³,520.0,1912.04,CSV Schedule,Pass,m³,224,sample_elements.csv,
E-0224,GUID-0224,CSV,IfcColumn,Column,柱-AA-224,IfcColumn-Standard,二层,混凝土,1.794,28.216,1.803,1.803,m³,560.0,1009.68,CSV Schedule,Pass,m³,225,sample_elements.csv,
E-0225,GUID-0225,CSV,IfcSlab,Slab,板-AA-225,IfcSlab-Standard,三层,混凝土,2.136,21.601,0.901,0.901,m³,480.0,432.48,CSV Schedule,Pass,m³,226,sample_elements.csv,
E-0226,GUID-0226,CSV,IfcWall,Wall,墙-AA-226,IfcWall-Standard,一层,混凝土,3.728,20.325,0.772,0.772,m³,430.0,331.96,CSV Schedule,Pass,m³,227,sample_elements.csv,
E-0227,GUID-0227,CSV,IfcDoor,Door,门-AA-227,IfcDoor-Standard,二层,木材,1.361,0.775,6.017,1.0,樘,860.0,860.0,CSV Schedule,Pass,樘,228,sample_elements.csv,
E-0228,GUID-0228,CSV,IfcWindow,Window,窗-AA-228,IfcWindow-Standard,三层,玻璃,9.699,28.176,4.872,1.0,樘,720.0,720.0,CSV Schedule,Pass,樘,229,sample_elements.csv,
E-0229,GUID-0229,CSV,IfcBeam,Beam,梁-AA-229,IfcBeam-Standard,一层,混凝土,11.827,14.753,5.49,5.49,m³,520.0,2854.8,CSV Schedule,Pass,m³,230,sample_elements.csv,
E-0230,GUID-0230,CSV,IfcColumn,Column,柱-AA-230,IfcColumn-Standard,二层,混凝土,5.63,12.543,3.442,3.442,m³,560.0,1927.52,CSV Schedule,Pass,m³,231,sample_elements.csv,
E-0231,GUID-0231,CSV,IfcSlab,Slab,板-AA-231,IfcSlab-Standard,三层,混凝土,6.998,26.785,7.633,7.633,m³,480.0,3663.84,CSV Schedule,Pass,m³,232,sample_elements.csv,
E-0232,GUID-0232,CSV,IfcWall,Wall,墙-AA-232,IfcWall-Standard,一层,混凝土,9.01,18.126,0.492,0.492,m³,430.0,211.56,CSV Schedule,Pass,m³,233,sample_elements.csv,
E-0233,GUID-0233,CSV,IfcDoor,Door,门-AA-233,IfcDoor-Standard,二层,木材,11.072,22.092,1.239,1.0,樘,860.0,860.0,CSV Schedule,Pass,樘,234,sample_elements.csv,
E-0234,GUID-0234,CSV,IfcWindow,Window,窗-AA-234,IfcWindow-Standard,三层,玻璃,3.102,3.475,2.85,1.0,樘,720.0,720.0,CSV Schedule,Pass,樘,235,sample_elements.csv,
E-0235,GUID-0235,CSV,IfcBeam,Beam,梁-AA-235,IfcBeam-Standard,一层,混凝土,7.376,13.885,4.373,4.373,m³,520.0,2273.96,CSV Schedule,Pass,m³,236,sample_elements.csv,
E-0236,GUID-0236,CSV,IfcColumn,Column,柱-AA-236,IfcColumn-Standard,二层,混凝土,8.315,16.376,5.583,5.583,m³,560.0,3126.48,CSV Schedule,Pass,m³,237,sample_elements.csv,
E-0237,GUID-0237,CSV,IfcSlab,Slab,板-AA-237,IfcSlab-Standard,三层,混凝土,11.959,3.988,0.977,0.977,m³,480.0,468.96,CSV Schedule,Pass,m³,238,sample_elements.csv,
E-0238,GUID-0238,CSV,IfcWall,Wall,墙-AA-238,IfcWall-Standard,一层,混凝土,7.696,8.826,5.311,5.311,m³,430.0,2283.73,CSV Schedule,Pass,m³,239,sample_elements.csv,
E-0239,GUID-0239,CSV,IfcDoor,Door,门-AA-239,IfcDoor-Standard,二层,木材,6.724,1.801,3.273,1.0,樘,860.0,860.0,CSV Schedule,Pass,樘,240,sample_elements.csv,
E-0240,GUID-0240,CSV,IfcWindow,Window,窗-AA-240,IfcWindow-Standard,三层,玻璃,3.927,22.543,7.292,1.0,樘,720.0,720.0,CSV Schedule,Pass,樘,241,sample_elements.csv,
